{"generic_good_job": {"start": 0, "end": 1.704, "duration": 1.704}, "generic_try_again": {"start": 1.704, "end": 3.504, "duration": 1.8}, "generic_match": {"start": 3.504, "end": 5.04, "duration": 1.536}, "generic_correct": {"start": 5.04, "end": 6.672, "duration": 1.632}, "generic_yummy": {"start": 6.672, "end": 8.184, "duration": 1.512}, "generic_home": {"start": 8.184, "end": 9.648, "duration": 1.464}, "generic_nature": {"start": 9.648, "end": 11.256, "duration": 1.608}, "generic_amazing": {"start": 11.256, "end": 13.008000000000001, "duration": 1.752}, "conn_the": {"start": 13.008000000000001, "end": 14.328000000000001, "duration": 1.32}, "conn_a": {"start": 14.328000000000001, "end": 15.624, "duration": 1.296}, "conn_an": {"start": 15.624, "end": 16.944, "duration": 1.32}, "conn_eats_the": {"start": 16.944, "end": 18.576, "duration": 1.632}, "conn_lives_in_the": {"start": 18.576, "end": 20.400000000000002, "duration": 1.824}, "conn_looks_like_a": {"start": 20.400000000000002, "end": 22.296000000000003, "duration": 1.896}, "conn_looks_like_an": {"start": 22.296000000000003, "end": 24.192000000000004, "duration": 1.896}, "conn_uses": {"start": 24.192000000000004, "end": 25.872000000000003, "duration": 1.68}, "conn_wakes_up": {"start": 25.872000000000003, "end": 27.552000000000003, "duration": 1.68}, "conn_fall_down": {"start": 27.552000000000003, "end": 29.376000000000005, "duration": 1.824}, "conn_swim_in_water": {"start": 29.376000000000005, "end": 31.560000000000006, "duration": 2.184}, "conn_love_flowers": {"start": 31.560000000000006, "end": 33.696000000000005, "duration": 2.136}, "conn_becomes_a": {"start": 33.696000000000005, "end": 35.544000000000004, "duration": 1.848}, "conn_wear_your": {"start": 35.544000000000004, "end": 37.176, "duration": 1.632}, "conn_wear_a": {"start": 37.176, "end": 38.808, "duration": 1.632}, "conn_wear": {"start": 38.808, "end": 40.224, "duration": 1.416}, "conn_use_an": {"start": 40.224, "end": 41.831999999999994, "duration": 1.608}, "alpha_a": {"start": 41.831999999999994, "end": 43.12799999999999, "duration": 1.296}, "alpha_b": {"start": 43.12799999999999, "end": 44.471999999999994, "duration": 1.344}, "alpha_c": {"start": 44.471999999999994, "end": 45.91199999999999, "duration": 1.44}, "alpha_d": {"start": 45.91199999999999, "end": 47.25599999999999, "duration": 1.344}, "alpha_e": {"start": 47.25599999999999, "end": 48.55199999999999, "duration": 1.296}, "alpha_f": {"start": 48.55199999999999, "end": 49.919999999999995, "duration": 1.368}, "alpha_g": {"start": 49.919999999999995, "end": 51.312, "duration": 1.392}, "alpha_h": {"start": 51.312, "end": 52.775999999999996, "duration": 1.464}, "alpha_i": {"start": 52.775999999999996, "end": 54.071999999999996, "duration": 1.296}, "alpha_j": {"start": 54.071999999999996, "end": 55.48799999999999, "duration": 1.416}, "alpha_k": {"start": 55.48799999999999, "end": 56.855999999999995, "duration": 1.368}, "alpha_l": {"start": 56.855999999999995, "end": 58.199999999999996, "duration": 1.344}, "alpha_m": {"start": 58.199999999999996, "end": 59.592, "duration": 1.392}, "alpha_n": {"start": 59.592, "end": 60.984, "duration": 1.392}, "alpha_o": {"start": 60.984, "end": 62.28, "duration": 1.296}, "alpha_p": {"start": 62.28, "end": 63.648, "duration": 1.368}, "alpha_q": {"start": 63.648, "end": 65.08800000000001, "duration": 1.44}, "alpha_r": {"start": 65.08800000000001, "end": 66.48, "duration": 1.392}, "alpha_s": {"start": 66.48, "end": 67.896, "duration": 1.416}, "alpha_t": {"start": 67.896, "end": 69.264, "duration": 1.368}, "alpha_u": {"start": 69.264, "end": 70.65599999999999, "duration": 1.392}, "alpha_v": {"start": 70.65599999999999, "end": 72.02399999999999, "duration": 1.368}, "alpha_w": {"start": 72.02399999999999, "end": 73.63199999999999, "duration": 1.608}, "alpha_x": {"start": 73.63199999999999, "end": 75.09599999999999, "duration": 1.464}, "alpha_y": {"start": 75.09599999999999, "end": 76.48799999999999, "duration": 1.392}, "alpha_z": {"start": 76.48799999999999, "end": 77.87999999999998, "duration": 1.392}, "noun_lion": {"start": 77.87999999999998, "end": 79.39199999999998, "duration": 1.512}, "noun_tiger": {"start": 79.39199999999998, "end": 80.92799999999998, "duration": 1.536}, "noun_zebra": {"start": 80.92799999999998, "end": 82.53599999999999, "duration": 1.608}, "noun_giraffe": {"start": 82.53599999999999, "end": 84.192, "duration": 1.656}, "noun_monkey": {"start": 84.192, "end": 85.728, "duration": 1.536}, "noun_gorilla": {"start": 85.728, "end": 87.336, "duration": 1.608}, "noun_wolf": {"start": 87.336, "end": 88.872, "duration": 1.536}, "noun_buffalo": {"start": 88.872, "end": 90.576, "duration": 1.704}, "noun_deer": {"start": 90.576, "end": 92.01599999999999, "duration": 1.44}, "noun_cow": {"start": 92.01599999999999, "end": 93.38399999999999, "duration": 1.368}, "noun_rooster": {"start": 93.38399999999999, "end": 95.01599999999999, "duration": 1.632}, "noun_chicken": {"start": 95.01599999999999, "end": 96.52799999999999, "duration": 1.512}, "noun_dog": {"start": 96.52799999999999, "end": 97.94399999999999, "duration": 1.416}, "noun_octopus": {"start": 97.94399999999999, "end": 99.74399999999999, "duration": 1.8}, "noun_fish": {"start": 99.74399999999999, "end": 101.23199999999999, "duration": 1.488}, "noun_turtle": {"start": 101.23199999999999, "end": 102.79199999999999, "duration": 1.56}, "noun_owl": {"start": 102.79199999999999, "end": 104.20799999999998, "duration": 1.416}, "noun_bee": {"start": 104.20799999999998, "end": 105.55199999999998, "duration": 1.344}, "noun_caterpillar": {"start": 105.55199999999998, "end": 107.37599999999998, "duration": 1.824}, "noun_butterfly": {"start": 107.37599999999998, "end": 109.10399999999997, "duration": 1.728}, "noun_carrot": {"start": 109.10399999999997, "end": 110.63999999999997, "duration": 1.536}, "noun_banana": {"start": 110.63999999999997, "end": 112.29599999999998, "duration": 1.656}, "noun_bone": {"start": 112.29599999999998, "end": 113.75999999999998, "duration": 1.464}, "noun_cheese": {"start": 113.75999999999998, "end": 115.29599999999998, "duration": 1.536}, "noun_meat": {"start": 115.29599999999998, "end": 116.71199999999997, "duration": 1.416}, "noun_fly": {"start": 116.71199999999997, "end": 118.19999999999997, "duration": 1.488}, "noun_nut": {"start": 118.19999999999997, "end": 119.61599999999997, "duration": 1.416}, "noun_apple": {"start": 119.61599999999997, "end": 121.10399999999997, "duration": 1.488}, "noun_grapes": {"start": 121.10399999999997, "end": 122.71199999999997, "duration": 1.608}, "noun_ice_cream": {"start": 122.71199999999997, "end": 124.48799999999997, "duration": 1.776}, "noun_juice": {"start": 124.48799999999997, "end": 125.99999999999997, "duration": 1.512}, "noun_orange": {"start": 125.99999999999997, "end": 127.58399999999997, "duration": 1.584}, "noun_pizza": {"start": 127.58399999999997, "end": 129.16799999999998, "duration": 1.584}, "noun_water": {"start": 129.16799999999998, "end": 130.67999999999998, "duration": 1.512}, "noun_avocado": {"start": 130.67999999999998, "end": 132.504, "duration": 1.824}, "noun_police_car": {"start": 132.504, "end": 134.39999999999998, "duration": 1.896}, "noun_fire_truck": {"start": 134.39999999999998, "end": 136.36799999999997, "duration": 1.968}, "noun_ambulance": {"start": 136.36799999999997, "end": 138.21599999999998, "duration": 1.848}, "noun_rocket": {"start": 138.21599999999998, "end": 139.75199999999998, "duration": 1.536}, "noun_pan": {"start": 139.75199999999998, "end": 141.21599999999998, "duration": 1.464}, "noun_tractor": {"start": 141.21599999999998, "end": 142.896, "duration": 1.68}, "noun_paint": {"start": 142.896, "end": 144.35999999999999, "duration": 1.464}, "noun_wrench": {"start": 144.35999999999999, "end": 145.896, "duration": 1.536}, "noun_books": {"start": 145.896, "end": 147.432, "duration": 1.536}, "noun_airplane": {"start": 147.432, "end": 149.136, "duration": 1.704}, "noun_hammer": {"start": 149.136,