{"generic_good_job": {"start": 0, "end": 1.704, "duration": 1.704}, "generic_try_again": {"start": 1.704, "end": 3.504, "duration": 1.8}, "generic_match": {"start": 3.504, "end": 5.04, "duration": 1.536}, "generic_correct": {"start": 5.04, "end": 6.672, "duration": 1.632}, "generic_yummy": {"start": 6.672, "end": 8.184, "duration": 1.512}, "generic_home": {"start": 8.184, "end": 9.648, "duration": 1.464}, "generic_nature": {"start": 9.648, "end": 11.256, "duration": 1.608}, "generic_amazing": {"start": 11.256, "end": 13.008000000000001, "duration": 1.752}, "sys_find_the_pairs": {"start": 13.008000000000001, "end": 15.144000000000002, "duration": 2.136}, "sys_found_all_pairs": {"start": 15.144000000000002, "end": 17.76, "duration": 2.616}, "sys_memory_master": {"start": 17.76, "end": 19.944000000000003, "duration": 2.184}, "sys_need_parent_help": {"start": 19.944000000000003, "end": 22.176000000000002, "duration": 2.232}, "sys_choose_a_game": {"start": 22.176000000000002, "end": 24.072000000000003, "duration": 1.896}, "sys_loading": {"start": 24.072000000000003, "end": 25.656000000000002, "duration": 1.584}, "sys_daily_quest": {"start": 25.656000000000002, "end": 27.648000000000003, "duration": 1.992}, "sys_feed_the_lion": {"start": 27.648000000000003, "end": 29.664, "duration": 2.016}, "sys_complete_the_story": {"start": 29.664, "end": 31.92, "duration": 2.256}, "conn_the": {"start": 31.92, "end": 33.24, "duration": 1.32}, "conn_a": {"start": 33.24, "end": 34.536, "duration": 1.296}, "conn_an": {"start": 34.536, "end": 35.856, "duration": 1.32}, "conn_eats_the": {"start": 35.856, "end": 37.488, "duration": 1.632}, "conn_lives_in_the": {"start": 37.488, "end": 39.312, "duration": 1.824}, "conn_looks_like_a": {"start": 39.312, "end": 41.208, "duration": 1.896}, "conn_looks_like_an": {"start": 41.208, "end": 43.104, "duration": 1.896}, "conn_uses": {"start": 43.104, "end": 44.784, "duration": 1.68}, "conn_wakes_up": {"start": 44.784, "end": 46.464, "duration": 1.68}, "conn_fall_down": {"start": 46.464, "end": 48.288, "duration": 1.824}, "conn_swim_in_water": {"start": 48.288, "end": 50.471999999999994, "duration": 2.184}, "conn_love_flowers": {"start": 50.471999999999994, "end": 52.608, "duration": 2.136}, "conn_becomes_a": {"start": 52.608, "end": 54.455999999999996, "duration": 1.848}, "conn_wear_your": {"start": 54.455999999999996, "end": 56.087999999999994, "duration": 1.632}, "conn_wear_a": {"start": 56.087999999999994, "end": 57.71999999999999, "duration": 1.632}, "conn_wear": {"start": 59.13599999999999, "end": 60.551999999999985, "duration": 1.416}, "conn_use_an": {"start": 60.551999999999985, "end": 62.15999999999998, "duration": 1.608}, "conn_plus": {"start": 62.15999999999998, "end": 63.695999999999984, "duration": 1.536}, "conn_minus": {"start": 63.695999999999984, "end": 65.35199999999999, "duration": 1.656}, "conn_equals": {"start": 65.35199999999999, "end": 67.008, "duration": 1.656}, "alpha_a": {"start": 67.008, "end": 68.304, "duration": 1.296}, "alpha_b": {"start": 68.304, "end": 69.648, "duration": 1.344}, "alpha_c": {"start": 69.648, "end": 71.088, "duration": 1.44}, "alpha_d": {"start": 71.088, "end": 72.43199999999999, "duration": 1.344}, "alpha_e": {"start": 72.43199999999999, "end": 73.728, "duration": 1.296}, "alpha_f": {"start": 73.728, "end": 75.09599999999999, "duration": 1.368}, "alpha_g": {"start": 75.09599999999999, "end": 76.48799999999999, "duration": 1.392}, "alpha_h": {"start": 76.48799999999999, "end": 77.95199999999998, "duration": 1.464}, "alpha_i": {"start": 77.95199999999998, "end": 79.24799999999999, "duration": 1.296}, "alpha_j": {"start": 79.24799999999999, "end": 80.66399999999999, "duration": 1.416}, "alpha_k": {"start": 80.66399999999999, "end": 82.03199999999998, "duration": 1.368}, "alpha_l": {"start": 82.03199999999998, "end": 83.37599999999998, "duration": 1.344}, "alpha_m": {"start": 83.37599999999998, "end": 84.76799999999997, "duration": 1.392}, "alpha_n": {"start": 84.76799999999997, "end": 86.15999999999997, "duration": 1.392}, "alpha_o": {"start": 86.15999999999997, "end": 87.45599999999997, "duration": 1.296}, "alpha_p": {"start": 87.45599999999997, "end": 88.82399999999997, "duration": 1.368}, "alpha_q": {"start": 88.82399999999997, "end": 90.26399999999997, "duration": 1.44}, "alpha_r": {"start": 90.26399999999997, "end": 91.65599999999996, "duration": 1.392}, "alpha_s": {"start": 91.65599999999996, "end": 93.07199999999996, "duration": 1.416}, "alpha_t": {"start": 93.07199999999996, "end": 94.43999999999996, "duration": 1.368}, "alpha_u": {"start": 94.43999999999996, "end": 95.83199999999995, "duration": 1.392}, "alpha_v": {"start": 95.83199999999995, "end": 97.19999999999995, "duration": 1.368}, "alpha_w": {"start": 97.19999999999995, "end": 98.80799999999995, "duration": 1.608}, "alpha_x": {"start": 98.80799999999995, "end": 100.27199999999995, "duration": 1.464}, "alpha_y": {"start": 100.27199999999995, "end": 101.66399999999994, "duration": 1.392}, "alpha_z": {"start": 101.66399999999994, "end": 103.05599999999994, "duration": 1.392}, "num_1": {"start": 103.05599999999994, "end": 104.47199999999994, "duration": 1.416}, "num_2": {"start": 104.47199999999994, "end": 105.81599999999993, "duration": 1.344}, "num_3": {"start": 105.81599999999993, "end": 107.23199999999993, "duration": 1.416}, "num_4": {"start": 107.23199999999993, "end": 108.67199999999993, "duration": 1.44}, "num_5": {"start": 108.67199999999993, "end": 110.18399999999993, "duration": 1.512}, "num_6": {"start": 110.18399999999993, "end": 111.79199999999993, "duration": 1.608}, "num_7": {"start": 111.79199999999993, "end": 113.39999999999993, "duration": 1.608}, "num_8": {"start": 113.39999999999993, "end": 114.76799999999993, "duration": 1.368}, "num_9": {"start": 114.76799999999993, "end": 116.23199999999993, "duration": 1.464}, "num_10": {"start": 116.23199999999993, "end": 117.67199999999993, "duration": 1.44}, "noun_lion": {"start": 117.67199999999993, "end": 119.18399999999993, "duration": 1.512}, "noun_tiger": {"start": 119.18399999999993, "end": 120.71999999999993, "duration": 1.536}, "noun_zebra": {"start": 120.71999999999993, "end": 122.32799999999993, "duration": 1.608}, "noun_giraffe": {"start": 122.32799999999993, "end": 123.98399999999994, "duration": 1.656}, "noun_monkey": {"start": 123.98399999999994, "end": 125.51999999999994, "duration": 1.536}, "noun_gorilla": {"start": 125.51999999999994, "end": 127.12799999999994, "duration": 1.608}, "noun_wolf": {"start": 127.12799999999994, "end": 128.66399999999993, "duration": 1.536}, "noun_buffalo": {"start": 128.66399999999993, "end": 130.36799999999994, "duration": 1.704}, "noun_deer": {"start": 130.36799999999994, "end": 131.80799999999994, "duration": 1.44}, "noun_cow": {"start": 131.80799999999994, "end": 133.17599999999993, "duration": 1.368}, "noun_rooster": {"start": 133.17599999999993, "end": 134.80799999999994, "duration": 1.632}, "noun_chicken": {"start": 134.80799999999994, "end": 136.31999999999994, "duration": 1.512}, "noun_dog": {"start": 136.31999999999994, "end": 137.73599999999993, "duration": 1.416}, "noun_cat": {"start": 137.73599999999993, "end": 139.15199999999993, "duration": 1.416}, "noun_mouse": {"start": 139.15199999999993, "end": 140.66399999999993, "duration": 1.512}, "noun_rabbit": {"start": 140.66399999999993, "end": 142.17599999999993, "duration": 1.512}, "noun_frog": {"start": 142.17599999999993, "end": 143.68799999999993, "duration": 1.512}, "noun_squirrel": {"start": 143.68799999999993, "end": 145.36799999999994, "duration": 1.68}, "noun_octopus": {"start": 145.36799999999994, "end": 147.16799999999995, "duration": 1.8}, "noun_whale": {"start": 147.16799999999995, "end": 148.60799999999995, "duration": 1.44}, "noun_fish": {"start": 148.60799999999995, "end": 150.09599999999995, "duration": 1.488}, "noun_turtle": {"start": 150.09599999999995, "end": 151.65599999999995, "duration": 1.56}, "noun_owl": {"start": 151.65599999999995,