{"generic_good_job": {"start": 0, "end": 1.704, "duration": 1.704}, "generic_try_again": {"start": 1.704, "end": 3.504, "duration": 1.8}, "generic_match": {"start": 3.504, "end": 5.04, "duration": 1.536}, "generic_correct": {"start": 5.04, "end": 6.672, "duration": 1.632}, "generic_yummy": {"start": 6.672, "end": 8.184, "duration": 1.512}, "generic_home": {"start": 8.184, "end": 9.648, "duration": 1.464}, "generic_nature": {"start": 9.648, "end": 11.256, "duration": 1.608}, "generic_amazing": {"start": 11.256, "end": 13.008000000000001, "duration": 1.752}, "sys_find_the_pairs": {"start": 13.008000000000001, "end": 15.144000000000002, "duration": 2.136}, "sys_found_all_pairs": {"start": 15.144000000000002, "end": 17.76, "duration": 2.616}, "sys_memory_master": {"start": 17.76, "end": 19.944000000000003, "duration": 2.184}, "sys_need_parent_help": {"start": 19.944000000000003, "end": 22.176000000000002, "duration": 2.232}, "sys_choose_a_game": {"start": 22.176000000000002, "end": 24.072000000000003, "duration": 1.896}, "sys_loading": {"start": 24.072000000000003, "end": 25.656000000000002, "duration": 1.584}, "sys_daily_quest": {"start": 25.656000000000002, "end": 27.648000000000003, "duration": 1.992}, "sys_complete_story": {"start": 27.648000000000003, "end": 29.904000000000003, "duration": 2.256}, "sys_story_maker": {"start": 29.904000000000003, "end": 31.968000000000004, "duration": 2.064}, "conn_the": {"start": 31.968000000000004, "end": 33.288000000000004, "duration": 1.32}, "conn_a": {"start": 33.288000000000004, "end": 34.584, "duration": 1.296}, "conn_an": {"start": 34.584, "end": 35.904, "duration": 1.32}, "conn_eats_the": {"start": 35.904, "end": 37.536, "duration": 1.632}, "conn_lives_in_the": {"start": 37.536, "end": 39.36, "duration": 1.824}, "conn_looks_like_a": {"start": 39.36, "end": 41.256, "duration": 1.896}, "conn_looks_like_an": {"start": 41.256, "end": 43.152, "duration": 1.896}, "conn_uses": {"start": 43.152, "end": 44.832, "duration": 1.68}, "conn_wakes_up": {"start": 44.832, "end": 46.512, "duration": 1.68}, "conn_fall_down": {"start": 46.512, "end": 48.336, "duration": 1.824}, "conn_swim_in_water": {"start": 48.336, "end": 50.519999999999996, "duration": 2.184}, "conn_love_flowers": {"start": 50.519999999999996, "end": 52.656, "duration": 2.136}, "conn_becomes_a": {"start": 52.656, "end": 54.504, "duration": 1.848}, "conn_wear_your": {"start": 54.504, "end": 56.135999999999996, "duration": 1.632}, "conn_wear_a": {"start": 56.135999999999996, "end": 57.767999999999994, "duration": 1.632}, "conn_wear": {"start": 57.767999999999994, "end": 59.18399999999999, "duration": 1.416}, "conn_use_an": {"start": 59.18399999999999, "end": 60.79199999999999, "duration": 1.608}, "alpha_a": {"start": 60.79199999999999, "end": 62.08799999999999, "duration": 1.296}, "alpha_b": {"start": 62.08799999999999, "end": 63.43199999999999, "duration": 1.344}, "alpha_c": {"start": 63.43199999999999, "end": 64.87199999999999, "duration": 1.44}, "alpha_d": {"start": 64.87199999999999, "end": 66.21599999999998, "duration": 1.344}, "alpha_e": {"start": 66.21599999999998, "end": 67.51199999999999, "duration": 1.296}, "alpha_f": {"start": 67.51199999999999, "end": 68.87999999999998, "duration": 1.368}, "alpha_g": {"start": 68.87999999999998, "end": 70.27199999999998, "duration": 1.392}, "alpha_h": {"start": 70.27199999999998, "end": 71.73599999999998, "duration": 1.464}, "alpha_i": {"start": 71.73599999999998, "end": 73.03199999999998, "duration": 1.296}, "alpha_j": {"start": 73.03199999999998, "end": 74.44799999999998, "duration": 1.416}, "alpha_k": {"start": 74.44799999999998, "end": 75.81599999999997, "duration": 1.368}, "alpha_l": {"start": 75.81599999999997, "end": 77.15999999999997, "duration": 1.344}, "alpha_m": {"start": 77.15999999999997, "end": 78.55199999999996, "duration": 1.392}, "alpha_n": {"start": 78.55199999999996, "end": 79.94399999999996, "duration": 1.392}, "alpha_o": {"start": 79.94399999999996, "end": 81.23999999999997, "duration": 1.296}, "alpha_p": {"start": 81.23999999999997, "end": 82.60799999999996, "duration": 1.368}, "alpha_q": {"start": 82.60799999999996, "end": 84.04799999999996, "duration": 1.44}, "alpha_r": {"start": 84.04799999999996, "end": 85.43999999999996, "duration": 1.392}, "alpha_s": {"start": 85.43999999999996, "end": 86.85599999999995, "duration": 1.416}, "alpha_t": {"start": 86.85599999999995, "end": 88.22399999999995, "duration": 1.368}, "alpha_u": {"start": 88.22399999999995, "end": 89.61599999999994, "duration": 1.392}, "alpha_v": {"start": 89.61599999999994, "end": 90.98399999999994, "duration": 1.368}, "alpha_w": {"start": 90.98399999999994, "end": 92.59199999999994, "duration": 1.608}, "alpha_x": {"start": 92.59199999999994, "end": 94.05599999999994, "duration": 1.464}, "alpha_y": {"start": 94.05599999999994, "end": 95.44799999999994, "duration": 1.392}, "alpha_z": {"start": 95.44799999999994, "end": 96.83999999999993, "duration": 1.392}, "noun_lion": {"start": 96.83999999999993, "end": 98.35199999999993, "duration": 1.512}, "noun_tiger": {"start": 98.35199999999993, "end": 99.88799999999993, "duration": 1.536}, "noun_zebra": {"start": 99.88799999999993, "end": 101.49599999999994, "duration": 1.608}, "noun_giraffe": {"start": 101.49599999999994, "end": 103.15199999999994, "duration": 1.656}, "noun_monkey": {"start": 103.15199999999994, "end": 104.68799999999995, "duration": 1.536}, "noun_gorilla": {"start": 104.68799999999995, "end": 106.29599999999995, "duration": 1.608}, "noun_wolf": {"start": 106.29599999999995, "end": 107.83199999999995, "duration": 1.536}, "noun_buffalo": {"start": 107.83199999999995, "end": 109.53599999999994, "duration": 1.704}, "noun_deer": {"start": 109.53599999999994, "end": 110.97599999999994, "duration": 1.44}, "noun_cow": {"start": 110.97599999999994, "end": 112.34399999999994, "duration": 1.368}, "noun_rooster": {"start": 112.34399999999994, "end": 113.97599999999994, "duration": 1.632}, "noun_chicken": {"start": 113.97599999999994, "end": 115.48799999999994, "duration": 1.512}, "noun_dog": {"start": 115.48799999999994, "end": 116.90399999999994, "duration": 1.416}, "noun_cat": {"start": 116.90399999999994, "end": 118.31999999999994, "duration": 1.416}, "noun_mouse": {"start": 118.31999999999994, "end": 119.83199999999994, "duration": 1.512}, "noun_rabbit": {"start": 119.83199999999994, "end": 121.34399999999994, "duration": 1.512}, "noun_frog": {"start": 121.34399999999994, "end": 122.85599999999994, "duration": 1.512}, "noun_squirrel": {"start": 122.85599999999994, "end": 124.53599999999994, "duration": 1.68}, "noun_octopus": {"start": 124.53599999999994, "end": 126.33599999999994, "duration": 1.8}, "noun_whale": {"start": 126.33599999999994, "end": 127.77599999999994, "duration": 1.44}, "noun_fish": {"start": 127.77599999999994, "end": 129.26399999999995, "duration": 1.488}, "noun_turtle": {"start": 129.26399999999995, "end": 130.82399999999996, "duration": 1.56}, "noun_owl": {"start": 130.82399999999996, "end": 132.23999999999995, "duration": 1.416}, "noun_bee": {"start": 132.23999999999995, "end": 133.58399999999995, "duration": 1.344}, "noun_caterpillar": {"start": 133.58399999999995, "end": 135.40799999999996, "duration": 1.824}, "noun_butterfly": {"start": 135.40799999999996, "end": 137.13599999999997, "duration": 1.728}, "noun_penguin": {"start": 137.13599999999997, "end": 138.76799999999997, "duration": 1.632}, "noun_carrot": {"start": 138.76799999999997, "end": 140.30399999999997, "duration": 1.536}, "noun_banana": {"start": 140.30399999999997, "end": 141.95999999999998, "duration": 1.656}, "noun_bone": {"start": 141.95999999999998, "end": 143.42399999999998, "duration": 1.464}, "noun_cheese": {"start": 143.42399999999998, "end": 144.95999999999998, "duration": 1.536}, "noun_meat": {"start": 144.95999999999998, "end": 146.37599999999998, "duration": 1.416}, "noun_fly": {"start": 146.37599999999998, "end": 147.86399999999998, "duration": 1.488},