{"generic_good_job": {"start": 0, "end": 1.704, "duration": 1.704}, "generic_try_again": {"start": 1.704, "end": 3.504, "duration": 1.8}, "generic_match": {"start": 3.504, "end": 5.04, "duration": 1.536}, "generic_correct": {"start": 5.04, "end": 6.672, "duration": 1.632}, "generic_yummy": {"start": 6.672, "end": 8.184, "duration": 1.512}, "generic_home": {"start": 8.184, "end": 9.648, "duration": 1.464}, "generic_nature": {"start": 9.648, "end": 11.256, "duration": 1.608}, "generic_amazing": {"start": 11.256, "end": 13.008000000000001, "duration": 1.752}, "sys_find_the_pairs": {"start": 13.008000000000001, "end": 15.144000000000002, "duration": 2.136}, "sys_found_all_pairs": {"start": 15.144000000000002, "end": 17.76, "duration": 2.616}, "sys_memory_master": {"start": 17.76, "end": 19.944000000000003, "duration": 2.184}, "sys_need_parent_help": {"start": 19.944000000000003, "end": 22.176000000000002, "duration": 2.232}, "sys_choose_a_game": {"start": 22.176000000000002, "end": 24.072000000000003, "duration": 1.896}, "sys_loading": {"start": 24.072000000000003, "end": 25.656000000000002, "duration": 1.584}, "sys_daily_quest": {"start": 25.656000000000002, "end": 27.648000000000003, "duration": 1.992}, "sys_feed_the_lion": {"start": 27.648000000000003, "end": 29.664, "duration": 2.016}, "sys_complete_the_story": {"start": 29.664, "end": 31.92, "duration": 2.256}, "conn_the": {"start": 31.92, "end": 33.24, "duration": 1.32}, "conn_a": {"start": 33.24, "end": 34.536, "duration": 1.296}, "conn_an": {"start": 34.536, "end": 35.856, "duration": 1.32}, "conn_eats_the": {"start": 35.856, "end": 37.488, "duration": 1.632}, "conn_lives_in_the": {"start": 37.488, "end": 39.312, "duration": 1.824}, "conn_looks_like_a": {"start": 39.312, "end": 41.208, "duration": 1.896}, "conn_looks_like_an": {"start": 41.208, "end": 43.104, "duration": 1.896}, "conn_uses": {"start": 43.104, "end": 44.784, "duration": 1.68}, "conn_wakes_up": {"start": 44.784, "end": 46.464, "duration": 1.68}, "conn_fall_down": {"start": 46.464, "end": 48.288, "duration": 1.824}, "conn_swim_in_water": {"start": 48.288, "end": 50.471999999999994, "duration": 2.184}, "conn_love_flowers": {"start": 50.471999999999994, "end": 52.608, "duration": 2.136}, "conn_becomes_a": {"start": 52.608, "end": 54.455999999999996, "duration": 1.848}, "conn_wear_your": {"start": 54.455999999999996, "end": 56.087999999999994, "duration": 1.632}, "conn_wear_a": {"start": 56.087999999999994, "end": 57.71999999999999, "duration": 1.632}, "conn_wear": {"start": 57.71999999999999, "end": 59.13599999999999, "duration": 1.416}, "conn_use_an": {"start": 59.13599999999999, "end": 60.743999999999986, "duration": 1.608}, "alpha_a": {"start": 60.743999999999986, "end": 62.039999999999985, "duration": 1.296}, "alpha_b": {"start": 62.039999999999985, "end": 63.383999999999986, "duration": 1.344}, "alpha_c": {"start": 63.383999999999986, "end": 64.82399999999998, "duration": 1.44}, "alpha_d": {"start": 64.82399999999998, "end": 66.16799999999998, "duration": 1.344}, "alpha_e": {"start": 66.16799999999998, "end": 67.46399999999998, "duration": 1.296}, "alpha_f": {"start": 67.46399999999998, "end": 68.83199999999998, "duration": 1.368}, "alpha_g": {"start": 68.83199999999998, "end": 70.22399999999998, "duration": 1.392}, "alpha_h": {"start": 70.22399999999998, "end": 71.68799999999997, "duration": 1.464}, "alpha_i": {"start": 71.68799999999997, "end": 72.98399999999998, "duration": 1.296}, "alpha_j": {"start": 72.98399999999998, "end": 74.39999999999998, "duration": 1.416}, "alpha_k": {"start": 74.39999999999998, "end": 75.76799999999997, "duration": 1.368}, "alpha_l": {"start": 75.76799999999997, "end": 77.11199999999997, "duration": 1.344}, "alpha_m": {"start": 77.11199999999997, "end": 78.50399999999996, "duration": 1.392}, "alpha_n": {"start": 78.50399999999996, "end": 79.89599999999996, "duration": 1.392}, "alpha_o": {"start": 79.89599999999996, "end": 81.19199999999996, "duration": 1.296}, "alpha_p": {"start": 81.19199999999996, "end": 82.55999999999996, "duration": 1.368}, "alpha_q": {"start": 82.55999999999996, "end": 83.99999999999996, "duration": 1.44}, "alpha_r": {"start": 83.99999999999996, "end": 85.39199999999995, "duration": 1.392}, "alpha_s": {"start": 85.39199999999995, "end": 86.80799999999995, "duration": 1.416}, "alpha_t": {"start": 86.80799999999995, "end": 88.17599999999995, "duration": 1.368}, "alpha_u": {"start": 88.17599999999995, "end": 89.56799999999994, "duration": 1.392}, "alpha_v": {"start": 89.56799999999994, "end": 90.93599999999994, "duration": 1.368}, "alpha_w": {"start": 90.93599999999994, "end": 92.54399999999994, "duration": 1.608}, "alpha_x": {"start": 92.54399999999994, "end": 94.00799999999994, "duration": 1.464}, "alpha_y": {"start": 94.00799999999994, "end": 95.39999999999993, "duration": 1.392}, "alpha_z": {"start": 95.39999999999993, "end": 96.79199999999993, "duration": 1.392}, "num_1": {"start": 96.79199999999993, "end": 98.20799999999993, "duration": 1.416}, "num_2": {"start": 98.20799999999993, "end": 99.55199999999992, "duration": 1.344}, "num_3": {"start": 99.55199999999992, "end": 100.96799999999992, "duration": 1.416}, "num_4": {"start": 100.96799999999992, "end": 102.40799999999992, "duration": 1.44}, "num_5": {"start": 102.40799999999992, "end": 103.91999999999992, "duration": 1.512}, "num_6": {"start": 103.91999999999992, "end": 105.52799999999992, "duration": 1.608}, "num_7": {"start": 105.52799999999992, "end": 107.13599999999992, "duration": 1.608}, "num_8": {"start": 107.13599999999992, "end": 108.50399999999992, "duration": 1.368}, "num_9": {"start": 108.50399999999992, "end": 109.96799999999992, "duration": 1.464}, "num_10": {"start": 109.96799999999992, "end": 111.40799999999992, "duration": 1.44}, "noun_lion": {"start": 111.40799999999992, "end": 112.91999999999992, "duration": 1.512}, "noun_tiger": {"start": 112.91999999999992, "end": 114.45599999999992, "duration": 1.536}, "noun_zebra": {"start": 114.45599999999992, "end": 116.06399999999992, "duration": 1.608}, "noun_giraffe": {"start": 116.06399999999992, "end": 117.71999999999993, "duration": 1.656}, "noun_monkey": {"start": 117.71999999999993, "end": 119.25599999999993, "duration": 1.536}, "noun_gorilla": {"start": 119.25599999999993, "end": 120.86399999999993, "duration": 1.608}, "noun_wolf": {"start": 120.86399999999993, "end": 122.39999999999993, "duration": 1.536}, "noun_buffalo": {"start": 122.39999999999993, "end": 124.10399999999993, "duration": 1.704}, "noun_deer": {"start": 124.10399999999993, "end": 125.54399999999993, "duration": 1.44}, "noun_cow": {"start": 125.54399999999993, "end": 126.91199999999992, "duration": 1.368}, "noun_rooster": {"start": 126.91199999999992, "end": 128.54399999999993, "duration": 1.632}, "noun_chicken": {"start": 128.54399999999993, "end": 130.05599999999993, "duration": 1.512}, "noun_dog": {"start": 130.05599999999993, "end": 131.47199999999992, "duration": 1.416}, "noun_cat": {"start": 131.47199999999992, "end": 132.88799999999992, "duration": 1.416}, "noun_mouse": {"start": 132.88799999999992, "end": 134.39999999999992, "duration": 1.512}, "noun_rabbit": {"start": 134.39999999999992, "end": 135.91199999999992, "duration": 1.512}, "noun_frog": {"start": 135.91199999999992, "end": 137.42399999999992, "duration": 1.512}, "noun_squirrel": {"start": 137.42399999999992, "end": 139.10399999999993, "duration": 1.68}, "noun_octopus": {"start": 139.10399999999993, "end": 140.90399999999994, "duration": 1.8}, "noun_whale": {"start": 140.90399999999994, "end": 142.34399999999994, "duration": 1.44}, "noun_fish": {"start": 142.34399999999994, "end": 143.83199999999994, "duration": 1.488}, "noun_turtle": {"start": 143.83199999999994, "end": 145.39199999999994, "duration": 1.56}, "noun_owl": {"start": 145.39199999999994, "end": 146.80799999999994, "duration": 1.416}, "noun_bee": {"start": 146.80799999999994, "end": 148.15199999999993, "duration": 1.344},